Sub-Category,Sales,Region,Order ID,Ship Mode,Customer ID,Customer Name,Segment,City,State,Country,Market,Product ID,Category,Product Name,Order Priority
Chairs,41.115,Western Europe,IT-2015-OT1873091-42077,Standard Class,OT-1873091,Olvera Toch,Consumer,Velsen,North Holland,Netherlands,Europe,FUR-CH-5408,Furniture,"Novimex Steel Folding Chair, Red",Medium
Chairs,42.30899999999999,Western Europe,ES-2014-EM1414048-41891,Standard Class,EM-1414048,Eugene Moren,Home Office,Bayreuth,Bavaria,Germany,Europe,FUR-CH-5751,Furniture,"SAFCO Bag Chairs, Black",Medium
Chairs,44.496,Western Europe,IT-2013-GG1465045-41475,Standard Class,GG-1465045,Greg Guthrie,Corporate,Narbonne,Languedoc-Roussillon-Midi-Pyrénées,France,Europe,FUR-CH-5752,Furniture,"SAFCO Bag Chairs, Red",Medium
Chairs,53.83800000000001,Western Europe,IT-2014-LC1688545-41860,Standard Class,LC-1688545,Lena Creighton,Consumer,Six-Fours-les-Plages,Provence-Alpes-Côte d'Azur,France,Europe,FUR-CH-5758,Furniture,"SAFCO Chairmat, Red",Medium
Chairs,59.82000000000001,Western Europe,AU-2015-PF91208-42181,Second Class,PF-91208,Peter Fuller,Consumer,Vienna,Vienna,Austria,Europe,FUR-CH-5758,Furniture,"SAFCO Chairmat, Red",Medium
Chairs,66.63600000000001,Western Europe,IT-2014-GW1460545-41910,Standard Class,GW-1460545,Giulietta Weimer,Consumer,Reims,Alsace-Champagne-Ardenne-Lorraine,France,Europe,FUR-CH-4632,Furniture,"Hon Chairmat, Red",Medium
Chairs,68.07000000000001,Western Europe,ES-2013-RA198858-41298,Standard Class,RA-198858,Ruben Ausman,Corporate,Vienna,Vienna,Austria,Europe,FUR-CH-5440,Furniture,"Office Star Chairmat, Set of Two",Medium
Chairs,68.352,Western Europe,ES-2015-TG2131048-42018,Standard Class,TG-2131048,Toby Gnade,Consumer,Berlin,Berlin,Germany,Europe,FUR-CH-4627,Furniture,"Hon Bag Chairs, Black",Low
Chairs,71.1,Western Europe,ES-2014-BD1163591-41802,First Class,BD-1163591,Brian Derr,Consumer,Utrecht,Utrecht,Netherlands,Europe,FUR-CH-4629,Furniture,"Hon Bag Chairs, Set of Two",High
Chairs,72.67500000000001,Western Europe,ES-2015-KM1637591-42236,Standard Class,KM-1637591,Katherine Murray,Home Office,Nieuwegein,Utrecht,Netherlands,Europe,FUR-CH-5366,Furniture,"Novimex Bag Chairs, Adjustable",Medium
Chairs,78.354,Western Europe,ES-2013-DL1333048-41529,Standard Class,DL-1333048,Denise Leinenbach,Consumer,Wuppertal,North Rhine-Westphalia,Germany,Europe,FUR-CH-5367,Furniture,"Novimex Bag Chairs, Black",Medium
Chairs,78.99,Western Europe,AU-2012-PM89408-41033,Second Class,PM-89408,Paul MacIntyre,Consumer,Salzburg,Salzburg,Austria,Europe,FUR-CH-4698,Furniture,"Hon Steel Folding Chair, Black",Medium
Chairs,83.088,Western Europe,IT-2013-JD1606045-41444,Standard Class,JD-1606045,Julia Dunbar,Consumer,Toulouse,Languedoc-Roussillon-Midi-Pyrénées,France,Europe,FUR-CH-5750,Furniture,"SAFCO Bag Chairs, Adjustable",Medium
Chairs,84.48,Western Europe,IT-2014-RM1937591-41851,Standard Class,RM-1937591,Raymond Messe,Consumer,Assen,Drenthe,Netherlands,Europe,FUR-CH-5409,Furniture,"Novimex Steel Folding Chair, Set of Two",Medium
Chairs,87.03,Western Europe,IT-2012-AW1084091-41242,First Class,AW-1084091,Anthony Witt,Consumer,Amsterdam,North Holland,Netherlands,Europe,FUR-CH-4630,Furniture,"Hon Chairmat, Adjustable",Critical
Chairs,90.3,Western Europe,ES-2015-LE168108-42270,Standard Class,LE-168108,Laurel Elliston,Consumer,Vienna,Vienna,Austria,Europe,FUR-CH-4628,Furniture,"Hon Bag Chairs, Red",High
Chairs,95.41799999999999,Western Europe,ES-2013-AB1001548-41345,Standard Class,AB-1001548,Aaron Bergman,Consumer,Viersen,North Rhine-Westphalia,Germany,Europe,FUR-CH-5434,Furniture,"Office Star Bag Chairs, Black",Medium
Chairs,95.76,Western Europe,ES-2014-ML1741045-41958,Standard Class,ML-1741045,Maris LaWare,Consumer,Le Mans,Pays de la Loire,France,Europe,FUR-CH-5407,Furniture,"Novimex Steel Folding Chair, Black",High
Chairs,96.9,Western Europe,IT-2013-JK15730125-41500,Standard Class,JK-15730125,Joe Kamberova,Consumer,Zurich,Zürich,Switzerland,Europe,FUR-CH-5366,Furniture,"Novimex Bag Chairs, Adjustable",Medium
Chairs,97.038,Western Europe,ES-2013-CD1198045-41633,Second Class,CD-1198045,Carol Darley,Consumer,Tours,Centre-Val de Loire,France,Europe,FUR-CH-5371,Furniture,"Novimex Chairmat, Black",High
Chairs,99.792,Western Europe,ES-2013-SP2092045-41317,First Class,SP-2092045,Susan Pistek,Consumer,Quimper,Brittany,France,Europe,FUR-CH-5435,Furniture,"Office Star Bag Chairs, Red",Medium
Chairs,101.412,Western Europe,ES-2015-TG2131045-42025,Standard Class,TG-2131045,Toby Gnade,Consumer,Roissy-en-Brie,Ile-de-France,France,Europe,FUR-CH-5372,Furniture,"Novimex Chairmat, Red",Medium
Chairs,103.302,Western Europe,IT-2013-RC1996048-41599,Standard Class,RC-1996048,Ryan Crowe,Consumer,Trier,Rhineland-Palatinate,Germany,Europe,FUR-CH-5757,Furniture,"SAFCO Chairmat, Black",High
Chairs,104.004,Western Europe,ES-2015-JC1577545-42267,Same Day,JC-1577545,John Castell,Consumer,Bagneux,Ile-de-France,France,Europe,FUR-CH-4633,Furniture,"Hon Chairmat, Set of Two",High
Chairs,105.894,Western Europe,IT-2014-MZ1751545-41781,Standard Class,MZ-1751545,Mary Zewe,Corporate,Bordeaux,Aquitaine-Limousin-Poitou-Charentes,France,Europe,FUR-CH-5370,Furniture,"Novimex Chairmat, Adjustable",Medium
Chairs,107.67600000000002,Western Europe,ES-2015-JJ1576045-42040,Second Class,JJ-1576045,Joel Jenkins,Home Office,Nice,Provence-Alpes-Côte d'Azur,France,Europe,FUR-CH-5758,Furniture,"SAFCO Chairmat, Red",High
Chairs,112.158,Western Europe,ES-2015-JJ1576048-42319,Standard Class,JJ-1576048,Joel Jenkins,Home Office,Halle,North Rhine-Westphalia,Germany,Europe,FUR-CH-5756,Furniture,"SAFCO Chairmat, Adjustable",Medium
Chairs,114.33600000000001,Western Europe,ES-2014-CL1256548-41872,Standard Class,CL-1256548,Clay Ludtke,Consumer,Berlin,Berlin,Germany,Europe,FUR-CH-4626,Furniture,"Hon Bag Chairs, Adjustable",Medium
Chairs,114.78,Western Europe,ES-2014-GM144408-41982,Standard Class,GM-144408,Gary McGarr,Consumer,Vienna,Vienna,Austria,Europe,FUR-CH-5757,Furniture,"SAFCO Chairmat, Black",Medium
Chairs,114.78,Western Europe,ES-2014-MC181008-41977,Standard Class,MC-181008,Mick Crebagga,Consumer,Vienna,Vienna,Austria,Europe,FUR-CH-5757,Furniture,"SAFCO Chairmat, Black",Medium
Chairs,119.23200000000001,Western Europe,ES-2015-FH1436548-42357,First Class,FH-1436548,Fred Hopkins,Corporate,Halle,North Rhine-Westphalia,Germany,Europe,FUR-CH-5794,Furniture,"SAFCO Rocking Chair, Black",Critical
Chairs,119.64000000000001,Western Europe,ES-2015-AH106908-42188,Standard Class,AH-106908,Anna Häberlin,Corporate,Vienna,Vienna,Austria,Europe,FUR-CH-5758,Furniture,"SAFCO Chairmat, Red",Medium
Chairs,119.79900000000002,Western Europe,ES-2013-SJ2050045-41443,Second Class,SJ-2050045,Shirley Jackson,Consumer,Lens,Nord-Pas-de-Calais-Picardie,France,Europe,FUR-CH-4681,Furniture,"Hon Rocking Chair, Adjustable",Medium
Chairs,120.31199999999998,Western Europe,ES-2015-BP1115545-42320,First Class,BP-1115545,Becky Pak,Consumer,Fontenay-aux-Roses,Ile-de-France,France,Europe,FUR-CH-5397,Furniture,"Novimex Rocking Chair, Set of Two",High
Chairs,123.66000000000001,Western Europe,ES-2014-GH1442545-41801,Standard Class,GH-1442545,Gary Hwang,Consumer,Boulogne-sur-Mer,Nord-Pas-de-Calais-Picardie,France,Europe,FUR-CH-5793,Furniture,"SAFCO Rocking Chair, Adjustable",Medium
Chairs,124.92,Western Europe,ES-2013-KE1642091-41539,First Class,KE-1642091,Katrina Edelman,Corporate,Utrecht,Utrecht,Netherlands,Europe,FUR-CH-5801,Furniture,"SAFCO Steel Folding Chair, Black",High
Chairs,126.78,Western Europe,IT-2014-TP2156591-41770,Standard Class,TP-2156591,Tracy Poddar,Corporate,The Hague,South Holland,Netherlands,Europe,FUR-CH-5438,Furniture,"Office Star Chairmat, Black",Medium
Chairs,126.819,Western Europe,ES-2012-VT2170045-41066,Standard Class,VT-2170045,Valerie Takahito,Home Office,Drancy,Ile-de-France,France,Europe,FUR-CH-5448,Furniture,"Office Star Rocking Chair, Red",High
Chairs,126.92699999999996,Western Europe,ES-2015-DB1327048-42360,Standard Class,DB-1327048,Deborah Brumfield,Home Office,Aschaffenburg,Bavaria,Germany,Europe,FUR-CH-5751,Furniture,"SAFCO Bag Chairs, Black",Medium
Chairs,127.74000000000001,Western Europe,IT-2015-DL1349591-42347,Standard Class,DL-1349591,Dionis Lloyd,Corporate,Amstelveen,North Holland,Netherlands,Europe,FUR-CH-4521,Furniture,"Harbour Creations Bag Chairs, Set of Two",Medium
Chairs,129.60000000000002,Western Europe,ES-2014-SD2048545-41749,Same Day,SD-2048545,Shirley Daniels,Home Office,Tournefeuille,Languedoc-Roussillon-Midi-Pyrénées,France,Europe,FUR-CH-4524,Furniture,"Harbour Creations Chairmat, Red",Medium
Chairs,132.87,Western Europe,IT-2015-JK1573091-42133,First Class,JK-1573091,Joe Kamberova,Consumer,Amsterdam,North Holland,Netherlands,Europe,FUR-CH-4684,Furniture,"Hon Rocking Chair, Set of Two",High
Chairs,133.488,Western Europe,ES-2014-RO1978045-41713,Standard Class,RO-1978045,Rose O'Brian,Consumer,Tourcoing,Nord-Pas-de-Calais-Picardie,France,Europe,FUR-CH-5752,Furniture,"SAFCO Bag Chairs, Red",Medium
Chairs,133.65000000000003,Western Europe,ES-2013-BV1124545-41427,Standard Class,BV-1124545,Benjamin Venier,Corporate,Clamart,Ile-de-France,France,Europe,FUR-CH-4525,Furniture,"Harbour Creations Chairmat, Set of Two",Medium
Chairs,134.08200000000002,Western Europe,IT-2015-AG1033048-42059,Second Class,AG-1033048,Alex Grayson,Consumer,Trier,Rhineland-Palatinate,Germany,Europe,FUR-CH-4522,Furniture,"Harbour Creations Chairmat, Adjustable",Medium
Chairs,137.13600000000002,Western Europe,ES-2014-MV1819048-41886,Standard Class,MV-1819048,Mike Vittorini,Consumer,Berlin,Berlin,Germany,Europe,FUR-CH-5802,Furniture,"SAFCO Steel Folding Chair, Red",High
Chairs,137.16,Western Europe,AU-2013-EH41858-41436,Standard Class,EH-41858,Evan Henry,Consumer,Vienna,Vienna,Austria,Europe,FUR-CH-5796,Furniture,"SAFCO Rocking Chair, Set of Two",Medium
Chairs,137.88,Western Europe,ES-2014-CM12115125-41902,First Class,CM-12115125,Chad McGuire,Consumer,Berne,Bern,Switzerland,Europe,FUR-CH-5368,Furniture,"Novimex Bag Chairs, Red",High
Chairs,139.563,Western Europe,IT-2013-VT2170045-41346,Standard Class,VT-2170045,Valerie Takahito,Home Office,Tarbes,Languedoc-Roussillon-Midi-Pyrénées,France,Europe,FUR-CH-5753,Furniture,"SAFCO Bag Chairs, Set of Two",Medium
Chairs,142.15200000000002,Western Europe,ES-2012-DP1300045-41181,Standard Class,DP-1300045,Darren Powers,Consumer,Toulouse,Languedoc-Roussillon-Midi-Pyrénées,France,Europe,FUR-CH-4562,Furniture,"Harbour Creations Swivel Stool, Black",High
Chairs,143.12699999999998,Western Europe,ES-2014-TB2117545-41968,Second Class,TB-2117545,Thomas Boland,Corporate,Marseille,Provence-Alpes-Côte d'Azur,France,Europe,FUR-CH-5434,Furniture,"Office Star Bag Chairs, Black",High
Chairs,148.014,Western Europe,ES-2015-CS1235548-42010,Second Class,CS-1235548,Christine Sundaresam,Consumer,Ingolstadt,Bavaria,Germany,Europe,FUR-CH-5408,Furniture,"Novimex Steel Folding Chair, Red",Medium
Chairs,148.014,Western Europe,ES-2015-TB2162545-42124,Standard Class,TB-2162545,Trudy Brown,Consumer,Bagnolet,Ile-de-France,France,Europe,FUR-CH-5408,Furniture,"Novimex Steel Folding Chair, Red",Medium
Chairs,148.014,Western Europe,IT-2012-CM1265545-41218,First Class,CM-1265545,Corinna Mitchell,Home Office,Laval,Pays de la Loire,France,Europe,FUR-CH-5408,Furniture,"Novimex Steel Folding Chair, Red",Critical
Chairs,148.014,Western Europe,IT-2014-JB1540048-41891,Standard Class,JB-1540048,Jennifer Braxton,Corporate,Erfurt,Thuringia,Germany,Europe,FUR-CH-5408,Furniture,"Novimex Steel Folding Chair, Red",Low
Chairs,149.52600000000004,Western Europe,ES-2014-CT1199548-41670,Standard Class,CT-1199548,Carol Triggs,Consumer,Bonn,North Rhine-Westphalia,Germany,Europe,FUR-CH-4701,Furniture,"Hon Swivel Stool, Adjustable",Low
Chairs,149.931,Western Europe,ES-2013-DJ1351048-41451,Second Class,DJ-1351048,Don Jones,Corporate,Bremen,Bremen,Germany,Europe,FUR-CH-4632,Furniture,"Hon Chairmat, Red",High
Chairs,150.25500000000002,Western Europe,IT-2013-KH1669045-41490,Standard Class,KH-1669045,Kristen Hastings,Corporate,Aulnay-sous-Bois,Ile-de-France,France,Europe,FUR-CH-5411,Furniture,"Novimex Swivel Stool, Adjustable",Medium
Chairs,150.57,Western Europe,ES-2013-CL1270091-41295,Standard Class,CL-1270091,Craig Leslie,Home Office,Utrecht,Utrecht,Netherlands,Europe,FUR-CH-4557,Furniture,"Harbour Creations Steel Folding Chair, Adjustable",Medium
Chairs,151.038,Western Europe,ES-2013-MF1766545-41583,First Class,MF-1766545,Maureen Fritzler,Corporate,Saint-Priest,Auvergne-Rhône-Alpes,France,Europe,FUR-CH-4697,Furniture,"Hon Steel Folding Chair, Adjustable",Medium
Chairs,152.496,Western Europe,ES-2012-SC2057545-41171,Second Class,SC-2057545,Sonia Cooley,Consumer,Drancy,Ile-de-France,France,Europe,FUR-CH-5406,Furniture,"Novimex Steel Folding Chair, Adjustable",Critical
Chairs,156.006,Western Europe,ES-2015-BP1109545-42107,First Class,BP-1109545,Bart Pistole,Corporate,Nantes,Pays de la Loire,France,Europe,FUR-CH-4633,Furniture,"Hon Chairmat, Set of Two",Medium
Chairs,156.546,Western Europe,ES-2013-AH1021048-41541,Standard Class,AH-1021048,Alan Hwang,Consumer,Munich,Bavaria,Germany,Europe,FUR-CH-5456,Furniture,"Office Star Swivel Stool, Red",Medium
Chairs,156.654,Western Europe,ES-2015-MN1793545-42255,Standard Class,MN-1793545,Michael Nguyen,Consumer,Dijon,Bourgogne-Franche-Comté,France,Europe,FUR-CH-4630,Furniture,"Hon Chairmat, Adjustable",Medium
Chairs,156.74400000000003,Western Europe,ES-2013-ZC2191048-41485,Standard Class,ZC-2191048,Zuschuss Carroll,Consumer,Dresden,Saxony,Germany,Europe,FUR-CH-4683,Furniture,"Hon Rocking Chair, Red",Low
Chairs,157.98,Western Europe,IT-2015-LW1712591-42111,Standard Class,LW-1712591,Liz Willingham,Consumer,Amsterdam,North Holland,Netherlands,Europe,FUR-CH-4698,Furniture,"Hon Steel Folding Chair, Black",Medium
Chairs,158.78700000000003,Western Europe,IT-2014-CD1198048-41997,Second Class,CD-1198048,Carol Darley,Consumer,Halle,North Rhine-Westphalia,Germany,Europe,FUR-CH-5454,Furniture,"Office Star Swivel Stool, Adjustable",Medium
Chairs,160.416,Western Europe,ES-2013-RH1949545-41362,First Class,RH-1949545,Rick Hansen,Consumer,Toulouse,Languedoc-Roussillon-Midi-Pyrénées,France,Europe,FUR-CH-5397,Furniture,"Novimex Rocking Chair, Set of Two",Medium
Chairs,161.514,Western Europe,ES-2015-RS1942045-42242,First Class,RS-1942045,Ricardo Sperren,Corporate,Neuilly-sur-Seine,Ile-de-France,France,Europe,FUR-CH-5758,Furniture,"SAFCO Chairmat, Red",Medium
Chairs,164.46,Western Europe,ES-2012-CK1259548-41118,Standard Class,CK-1259548,Clytie Kelty,Consumer,Dresden,Saxony,Germany,Europe,FUR-CH-5408,Furniture,"Novimex Steel Folding Chair, Red",Low
Chairs,165.45600000000002,Western Europe,ES-2013-RH1955548-41417,Standard Class,RH-1955548,Ritsa Hightower,Consumer,Karlsruhe,Baden-Württemberg,Germany,Europe,FUR-CH-5368,Furniture,"Novimex Bag Chairs, Red",Low
Chairs,169.236,Western Europe,ES-2012-DP1300045-41181,Standard Class,DP-1300045,Darren Powers,Consumer,Toulouse,Languedoc-Roussillon-Midi-Pyrénées,France,Europe,FUR-CH-5751,Furniture,"SAFCO Bag Chairs, Black",High
Chairs,170.19,Western Europe,AU-2015-SU106658-42083,Standard Class,SU-106658,Stephanie Ulpright,Home Office,Graz,Styria,Austria,Europe,FUR-CH-5808,Furniture,"SAFCO Swivel Stool, Set of Two",Medium
Chairs,171.15300000000002,Western Europe,ES-2012-NF1838548-41216,Standard Class,NF-1838548,Natalie Fritzler,Consumer,Hildesheim,Lower Saxony,Germany,Europe,FUR-CH-5438,Furniture,"Office Star Chairmat, Black",Medium
Chairs,173.09699999999998,Western Europe,ES-2015-EN1378045-42145,First Class,EN-1378045,Edward Nazzal,Consumer,Dijon,Bourgogne-Franche-Comté,France,Europe,FUR-CH-4518,Furniture,"Harbour Creations Bag Chairs, Adjustable",Critical
Chairs,177.984,Western Europe,ES-2012-DB1306048-41171,Second Class,DB-1306048,Dave Brooks,Consumer,Bochum,North Rhine-Westphalia,Germany,Europe,FUR-CH-5752,Furniture,"SAFCO Bag Chairs, Red",Critical
Chairs,180.12,Western Europe,IT-2013-AS1013591-41527,Second Class,AS-1013591,Adrian Shami,Home Office,Deventer,Overijssel,Netherlands,Europe,FUR-CH-4563,Furniture,"Harbour Creations Swivel Stool, Red",Medium
Chairs,180.25200000000004,Western Europe,ES-2012-MC1727545-41248,Standard Class,MC-1727545,Marc Crier,Consumer,Saint-Pierre-des-Corps,Centre-Val de Loire,France,Europe,FUR-CH-4560,Furniture,"Harbour Creations Steel Folding Chair, Set of Two",Medium
Chairs,183.42000000000002,Western Europe,IT-2013-MV1748591-41436,Standard Class,MV-1748591,Mark Van Huff,Consumer,Rotterdam,South Holland,Netherlands,Europe,FUR-CH-5452,Furniture,"Office Star Steel Folding Chair, Red",Medium
Chairs,184.437,Western Europe,ES-2014-HG1484545-41887,Standard Class,HG-1484545,Harry Greene,Consumer,Le Havre,Normandy,France,Europe,FUR-CH-5437,Furniture,"Office Star Chairmat, Adjustable",Medium
Chairs,184.437,Western Europe,ES-2015-LS1723048-42153,Standard Class,LS-1723048,Lycoris Saunders,Consumer,Krefeld,North Rhine-Westphalia,Germany,Europe,FUR-CH-5437,Furniture,"Office Star Chairmat, Adjustable",Medium
Chairs,186.93,Western Europe,ES-2012-ND184608-41179,Second Class,ND-184608,Neil Ducich,Corporate,Graz,Styria,Austria,Europe,FUR-CH-5756,Furniture,"SAFCO Chairmat, Adjustable",High
Chairs,187.83900000000003,Western Europe,ES-2012-AS1024045-41221,Second Class,AS-1024045,Alan Shonely,Consumer,Paris,Ile-de-France,France,Europe,FUR-CH-4523,Furniture,"Harbour Creations Chairmat, Black",Medium
Chairs,193.8,Western Europe,AU-2015-FM42158-42250,Standard Class,FM-42158,Filia McAdams,Corporate,Vienna,Vienna,Austria,Europe,FUR-CH-5366,Furniture,"Novimex Bag Chairs, Adjustable",Medium
Chairs,194.40000000000003,Western Europe,ES-2013-GT1463548-41587,Standard Class,GT-1463548,Grant Thornton,Corporate,Dortmund,North Rhine-Westphalia,Germany,Europe,FUR-CH-4524,Furniture,"Harbour Creations Chairmat, Red",Medium
Chairs,194.79600000000002,Western Europe,IT-2014-BG1174045-41866,Standard Class,BG-1174045,Bruce Geld,Consumer,Toulouse,Languedoc-Roussillon-Midi-Pyrénées,France,Europe,FUR-CH-4523,Furniture,"Harbour Creations Chairmat, Black",High
Chairs,195.40800000000002,Western Europe,IT-2012-DL1333048-41123,Second Class,DL-1333048,Denise Leinenbach,Consumer,Berlin,Berlin,Germany,Europe,FUR-CH-4699,Furniture,"Hon Steel Folding Chair, Red",Critical
Chairs,199.584,Western Europe,ES-2012-MH1729048-41214,Standard Class,MH-1729048,Marc Harrigan,Home Office,Hamburg,Hamburg,Germany,Europe,FUR-CH-5435,Furniture,"Office Star Bag Chairs, Red",Medium
Chairs,200.34000000000003,Western Europe,IT-2013-CC1268545-41639,Standard Class,CC-1268545,Craig Carroll,Consumer,Toulouse,Languedoc-Roussillon-Midi-Pyrénées,France,Europe,FUR-CH-5411,Furniture,"Novimex Swivel Stool, Adjustable",Medium
Chairs,201.12300000000005,Western Europe,ES-2013-EB1411048-41504,Standard Class,EB-1411048,Eugene Barchas,Consumer,Dortmund,North Rhine-Westphalia,Germany,Europe,FUR-CH-4522,Furniture,"Harbour Creations Chairmat, Adjustable",High
Chairs,204.93,Western Europe,ES-2012-MY182958-41160,Standard Class,MY-182958,Muhammed Yedwab,Corporate,Innsbruck,Tyrol,Austria,Europe,FUR-CH-5437,Furniture,"Office Star Chairmat, Adjustable",Medium
Chairs,209.175,Western Europe,ES-2014-NP1870091-41864,Standard Class,NP-1870091,Nora Preis,Consumer,Nieuwegein,Utrecht,Netherlands,Europe,FUR-CH-4700,Furniture,"Hon Steel Folding Chair, Set of Two",Medium
Chairs,215.45999999999998,Western Europe,ES-2012-MW1823545-41129,First Class,MW-1823545,Mitch Willingham,Corporate,Paris,Ile-de-France,France,Europe,FUR-CH-5407,Furniture,"Novimex Steel Folding Chair, Black",High
Chairs,215.45999999999998,Western Europe,ES-2014-JA1597048-41884,First Class,JA-1597048,Joseph Airdo,Consumer,Siegen,North Rhine-Westphalia,Germany,Europe,FUR-CH-5407,Furniture,"Novimex Steel Folding Chair, Black",High
Chairs,216.94500000000002,Western Europe,ES-2014-EB1411048-41780,Second Class,EB-1411048,Eugene Barchas,Consumer,Hamburg,Hamburg,Germany,Europe,FUR-CH-5369,Furniture,"Novimex Bag Chairs, Set of Two",High
Chairs,219.834,Western Europe,ES-2012-LR1703548-41245,Same Day,LR-1703548,Lisa Ryan,Corporate,Hamburg,Hamburg,Germany,Europe,FUR-CH-4699,Furniture,"Hon Steel Folding Chair, Red",Medium
Chairs,222.02100000000002,Western Europe,ES-2013-AS1063048-41544,Standard Class,AS-1063048,Ann Steele,Home Office,Eggenstein-Leopoldshafen,Baden-Württemberg,Germany,Europe,FUR-CH-5408,Furniture,"Novimex Steel Folding Chair, Red",Medium
Chairs,224.00999999999996,Western Europe,IT-2015-MH1745591-42059,Standard Class,MH-1745591,Mark Hamilton,Consumer,The Hague,South Holland,Netherlands,Europe,FUR-CH-4547,Furniture,"Harbour Creations Rocking Chair, Set of Two",Medium
Chairs,224.856,Western Europe,ES-2015-AR1051045-42234,Same Day,AR-1051045,Andrew Roberts,Consumer,Bagneux,Ile-de-France,France,Europe,FUR-CH-5801,Furniture,"SAFCO Steel Folding Chair, Black",High
Chairs,228.09600000000003,Western Europe,ES-2014-MY1738045-41796,Second Class,MY-1738045,Maribeth Yedwab,Corporate,Avion,Nord-Pas-de-Calais-Picardie,France,Europe,FUR-CH-5409,Furniture,"Novimex Steel Folding Chair, Set of Two",Medium
Chairs,228.74400000000003,Western Europe,ES-2013-GM1468045-41433,Standard Class,GM-1468045,Greg Matthias,Consumer,Cannes,Provence-Alpes-Côte d'Azur,France,Europe,FUR-CH-5406,Furniture,"Novimex Steel Folding Chair, Adjustable",Medium
Chairs,228.74400000000003,Western Europe,ES-2014-SB2017045-41993,Standard Class,SB-2017045,Sarah Bern,Consumer,Marseille,Provence-Alpes-Côte d'Azur,France,Europe,FUR-CH-5406,Furniture,"Novimex Steel Folding Chair, Adjustable",Medium
Chairs,228.74400000000003,Western Europe,ES-2015-AF1087045-42168,First Class,AF-1087045,Art Ferguson,Consumer,Boulogne-Billancourt,Ile-de-France,France,Europe,FUR-CH-5406,Furniture,"Novimex Steel Folding Chair, Adjustable",Critical
Chairs,230.742,Western Europe,ES-2013-FM1429048-41564,Second Class,FM-1429048,Frank Merwin,Home Office,Freiburg,Baden-Württemberg,Germany,Europe,FUR-CH-4682,Furniture,"Hon Rocking Chair, Black",Medium
Chairs,231.41700000000003,Western Europe,IT-2012-DJ1363045-41233,Standard Class,DJ-1363045,Doug Jacobs,Consumer,Muret,Languedoc-Roussillon-Midi-Pyrénées,France,Europe,FUR-CH-5802,Furniture,"SAFCO Steel Folding Chair, Red",High
Chairs,234.276,Western Europe,IT-2013-NS1864045-41509,Second Class,NS-1864045,Noel Staavos,Corporate,Toulouse,Languedoc-Roussillon-Midi-Pyrénées,France,Europe,FUR-CH-4700,Furniture,"Hon Steel Folding Chair, Set of Two",Critical
Chairs,236.95200000000003,Western Europe,ES-2015-KM1637548-42259,Same Day,KM-1637548,Katherine Murray,Home Office,Mainz,Rhineland-Palatinate,Germany,Europe,FUR-CH-5439,Furniture,"Office Star Chairmat, Red",Critical
Chairs,238.46400000000003,Western Europe,ES-2013-SM2095048-41485,Standard Class,SM-2095048,Suzanne McNair,Corporate,Bad Waldsee,Baden-Württemberg,Germany,Europe,FUR-CH-5794,Furniture,"SAFCO Rocking Chair, Black",Medium
Chairs,241.056,Western Europe,IT-2014-DB1340545-41831,Standard Class,DB-1340545,Denny Blanton,Consumer,Saumur,Pays de la Loire,France,Europe,FUR-CH-5451,Furniture,"Office Star Steel Folding Chair, Black",High
Chairs,241.056,Western Europe,IT-2015-GH1441045-42349,Standard Class,GH-1441045,Gary Hansen,Home Office,Paris,Ile-de-France,France,Europe,FUR-CH-5451,Furniture,"Office Star Steel Folding Chair, Black",Medium
Chairs,242.838,Western Europe,IT-2015-CA1231045-42223,Second Class,CA-1231045,Christine Abelman,Corporate,Menton,Provence-Alpes-Côte d'Azur,France,Europe,FUR-CH-5795,Furniture,"SAFCO Rocking Chair, Red",Critical
Chairs,243.49500000000003,Western Europe,IT-2015-RH1951091-42209,Second Class,RH-1951091,Rick Huthwaite,Home Office,Sittard,Limburg,Netherlands,Europe,FUR-CH-4523,Furniture,"Harbour Creations Chairmat, Black",Medium
Chairs,245.05200000000002,Western Europe,ES-2014-JP1552045-41871,Standard Class,JP-1552045,Jeremy Pistek,Consumer,Miramas,Provence-Alpes-Côte d'Azur,France,Europe,FUR-CH-5440,Furniture,"Office Star Chairmat, Set of Two",Medium
Chairs,245.91600000000003,Western Europe,ES-2014-DK1298548-41711,Second Class,DK-1298548,Darren Koutras,Consumer,Lippstadt,North Rhine-Westphalia,Germany,Europe,FUR-CH-5437,Furniture,"Office Star Chairmat, Adjustable",Medium
Chairs,249.26400000000004,Western Europe,IT-2014-KC1667548-41882,First Class,KC-1667548,Kimberly Carter,Corporate,Celle,Lower Saxony,Germany,Europe,FUR-CH-5447,Furniture,"Office Star Rocking Chair, Black",Critical
Chairs,253.44,Western Europe,ES-2015-SN2071014-42181,Standard Class,SN-2071014,Steve Nguyen,Home Office,Antwerp,Antwerp,Belgium,Europe,FUR-CH-5409,Furniture,"Novimex Steel Folding Chair, Set of Two",Medium
Chairs,253.692,Western Europe,ES-2015-RD1966048-42131,Second Class,RD-1966048,Robert Dilbeck,Home Office,Hamburg,Hamburg,Germany,Europe,FUR-CH-5453,Furniture,"Office Star Steel Folding Chair, Set of Two",High
Chairs,253.85399999999993,Western Europe,ES-2013-JF1541545-41509,Standard Class,JF-1541545,Jennifer Ferguson,Consumer,Livry-Gargan,Ile-de-France,France,Europe,FUR-CH-5751,Furniture,"SAFCO Bag Chairs, Black",Medium
Chairs,254.33999999999997,Western Europe,ES-2013-LE1681048-41348,Standard Class,LE-1681048,Laurel Elliston,Consumer,Dorsten,North Rhine-Westphalia,Germany,Europe,FUR-CH-5450,Furniture,"Office Star Steel Folding Chair, Adjustable",Medium
Chairs,256.44,Western Europe,ES-2014-BE1133548-41686,Standard Class,BE-1133548,Bill Eplett,Home Office,Berlin,Berlin,Germany,Europe,FUR-CH-4518,Furniture,"Harbour Creations Bag Chairs, Adjustable",Low
Chairs,258.12,Western Europe,ES-2013-BS1180045-41461,Standard Class,BS-1180045,Bryan Spruell,Home Office,Frontignan,Languedoc-Roussillon-Midi-Pyrénées,France,Europe,FUR-CH-5446,Furniture,"Office Star Rocking Chair, Adjustable",Medium
Chairs,259.605,Western Europe,ES-2015-EN1378045-42225,Standard Class,EN-1378045,Edward Nazzal,Consumer,Albi,Languedoc-Roussillon-Midi-Pyrénées,France,Europe,FUR-CH-5436,Furniture,"Office Star Bag Chairs, Set of Two",Medium
Chairs,263.65500000000003,Western Europe,ES-2013-HA1492048-41515,Standard Class,HA-1492048,Helen Andreada,Consumer,Ulm,Baden-Württemberg,Germany,Europe,FUR-CH-5373,Furniture,"Novimex Chairmat, Set of Two",Medium
Chairs,264.30300000000005,Western Europe,ES-2014-TT2107045-41799,Standard Class,TT-2107045,Ted Trevino,Consumer,Paris,Ile-de-France,France,Europe,FUR-CH-4559,Furniture,"Harbour Creations Steel Folding Chair, Red",Medium
Chairs,264.735,Western Europe,ES-2013-GA1472545-41429,Standard Class,GA-1472545,Guy Armstrong,Consumer,Tours,Centre-Val de Loire,France,Europe,FUR-CH-5370,Furniture,"Novimex Chairmat, Adjustable",Medium
Chairs,267.12000000000006,Western Europe,ES-2015-JG1580548-42235,First Class,JG-1580548,John Grady,Corporate,Berlin,Berlin,Germany,Europe,FUR-CH-5411,Furniture,"Novimex Swivel Stool, Adjustable",Critical
Chairs,267.84000000000003,Western Europe,ES-2013-KE1642091-41539,First Class,KE-1642091,Katrina Edelman,Corporate,Utrecht,Utrecht,Netherlands,Europe,FUR-CH-5451,Furniture,"Office Star Steel Folding Chair, Black",High
Chairs,268.16400000000004,Western Europe,ES-2014-GZ1454545-41907,Standard Class,GZ-1454545,George Zrebassa,Corporate,Martigues,Provence-Alpes-Côte d'Azur,France,Europe,FUR-CH-4522,Furniture,"Harbour Creations Chairmat, Adjustable",High
Chairs,269.19000000000005,Western Europe,ES-2015-JW1595548-42113,Standard Class,JW-1595548,Joni Wasserman,Consumer,Hamburg,Hamburg,Germany,Europe,FUR-CH-5758,Furniture,"SAFCO Chairmat, Red",High
Chairs,269.24399999999997,Western Europe,ES-2015-BE1133545-42279,Standard Class,BE-1133545,Bill Eplett,Home Office,Hayange,Alsace-Champagne-Ardenne-Lorraine,France,Europe,FUR-CH-4544,Furniture,"Harbour Creations Rocking Chair, Adjustable",Medium
Chairs,270.37800000000004,Western Europe,ES-2012-CT1199545-41121,Standard Class,CT-1199545,Carol Triggs,Consumer,Champigny-sur-Marne,Ile-de-France,France,Europe,FUR-CH-4560,Furniture,"Harbour Creations Steel Folding Chair, Set of Two",Low
Chairs,280.42199999999997,Western Europe,ES-2013-TP2156545-41598,Standard Class,TP-2156545,Tracy Poddar,Corporate,Issy-les-Moulineaux,Ile-de-France,France,Europe,FUR-CH-5750,Furniture,"SAFCO Bag Chairs, Adjustable",High
Chairs,288.9,Western Europe,ES-2014-QJ1925514-41996,Second Class,QJ-1925514,Quincy Jones,Corporate,Brussels,Brussels,Belgium,Europe,FUR-CH-4633,Furniture,"Hon Chairmat, Set of Two",Medium
Chairs,290.1960000000001,Western Europe,ES-2015-CS1249045-42224,Standard Class,CS-1249045,Cindy Schnelling,Corporate,Lille,Nord-Pas-de-Calais-Picardie,France,Europe,FUR-CH-4702,Furniture,"Hon Swivel Stool, Black",Low
Chairs,291.65400000000005,Western Europe,ES-2015-DK1298548-42125,Standard Class,DK-1298548,Darren Koutras,Consumer,Emden,Lower Saxony,Germany,Europe,FUR-CH-5412,Furniture,"Novimex Swivel Stool, Black",Low
Chairs,297.00000000000006,Western Europe,ES-2015-ML1826514-42181,Standard Class,ML-1826514,Muhammed Lee,Consumer,Charleroi,Hainaut,Belgium,Europe,FUR-CH-4525,Furniture,"Harbour Creations Chairmat, Set of Two",Low
Chairs,297.91800000000006,Western Europe,ES-2015-MC1757545-42171,Same Day,MC-1757545,Matt Collins,Consumer,Limoges,Aquitaine-Limousin-Poitou-Charentes,France,Europe,FUR-CH-5806,Furniture,"SAFCO Swivel Stool, Black",High
Chairs,298.62,Western Europe,IT-2014-KC1667548-41882,First Class,KC-1667548,Kimberly Carter,Corporate,Celle,Lower Saxony,Germany,Europe,FUR-CH-4704,Furniture,"Hon Swivel Stool, Set of Two",Critical
Chairs,299.0520000000001,Western Europe,ES-2014-BD1163548-41927,Standard Class,BD-1163548,Brian Derr,Consumer,Hamburg,Hamburg,Germany,Europe,FUR-CH-4701,Furniture,"Hon Swivel Stool, Adjustable",Medium
Chairs,306.77400000000006,Western Europe,ES-2015-CC1247545-42178,Standard Class,CC-1247545,Cindy Chapman,Consumer,Paris,Ile-de-France,France,Europe,FUR-CH-5805,Furniture,"SAFCO Swivel Stool, Adjustable",Medium
Chairs,307.39500000000004,Western Europe,ES-2012-CM1183048-41153,Same Day,CM-1183048,Cari MacIntyre,Corporate,Friedrichshafen,Baden-Württemberg,Germany,Europe,FUR-CH-5437,Furniture,"Office Star Chairmat, Adjustable",Critical
Chairs,308.718,Western Europe,ES-2014-SC2030545-41681,Standard Class,SC-2030545,Sean Christensen,Consumer,Cognac,Aquitaine-Limousin-Poitou-Charentes,France,Europe,FUR-CH-5455,Furniture,"Office Star Swivel Stool, Black",Medium
Chairs,312.012,Western Europe,IT-2015-MS1771045-42336,Standard Class,MS-1771045,Maurice Satty,Consumer,Tours,Centre-Val de Loire,France,Europe,FUR-CH-4633,Furniture,"Hon Chairmat, Set of Two",Medium
Chairs,313.24800000000005,Western Europe,ES-2014-DM1301548-41903,Standard Class,DM-1301548,Darrin Martin,Consumer,Berlin,Berlin,Germany,Europe,FUR-CH-4559,Furniture,"Harbour Creations Steel Folding Chair, Red",Low
Chairs,315.93600000000004,Western Europe,ES-2015-KB1640548-42180,Second Class,KB-1640548,Katrina Bavinger,Home Office,Berlin,Berlin,Germany,Europe,FUR-CH-5439,Furniture,"Office Star Chairmat, Red",Medium
Chairs,316.05,Western Europe,ES-2015-MB173058-42113,First Class,MB-173058,Maria Bertelson,Consumer,Vienna,Vienna,Austria,Europe,FUR-CH-4628,Furniture,"Hon Bag Chairs, Red",High
Chairs,317.142,Western Europe,ES-2015-DK1315045-42148,Second Class,DK-1315045,David Kendrick,Corporate,Fontainebleau,Ile-de-France,France,Europe,FUR-CH-5457,Furniture,"Office Star Swivel Stool, Set of Two",High
Chairs,319.842,Western Europe,ES-2012-BM1165045-41157,Standard Class,BM-1165045,Brian Moss,Corporate,Dreux,Centre-Val de Loire,France,Europe,FUR-CH-4562,Furniture,"Harbour Creations Swivel Stool, Black",Medium
Chairs,319.842,Western Europe,ES-2014-AG1030045-41844,Standard Class,AG-1030045,Aleksandra Gannaway,Corporate,Paris,Ile-de-France,France,Europe,FUR-CH-4562,Furniture,"Harbour Creations Swivel Stool, Black",Medium
Chairs,323.064,Western Europe,IT-2014-MD1786048-41826,Standard Class,MD-1786048,Michael Dominguez,Corporate,Berlin,Berlin,Germany,Europe,FUR-CH-5436,Furniture,"Office Star Bag Chairs, Set of Two",Medium
Chairs,324.06000000000006,Western Europe,ES-2014-TH21100125-41767,Standard Class,TH-21100125,Thea Hendricks,Consumer,Lucerne,Lucerne,Switzerland,Europe,FUR-CH-5412,Furniture,"Novimex Swivel Stool, Black",Medium
Chairs,333.96299999999997,Western Europe,ES-2013-TH2110045-41524,Standard Class,TH-2110045,Thea Hendricks,Consumer,Lyon,Auvergne-Rhône-Alpes,France,Europe,FUR-CH-5434,Furniture,"Office Star Bag Chairs, Black",Medium
Chairs,334.53,Western Europe,IT-2015-CS1184545-42250,Standard Class,CS-1184545,Cari Sayre,Corporate,Senlis,Nord-Pas-de-Calais-Picardie,France,Europe,FUR-CH-4631,Furniture,"Hon Chairmat, Black",Medium
Chairs,343.65600000000006,Western Europe,ES-2013-CB1202548-41405,Standard Class,CB-1202548,Cassandra Brandow,Consumer,Hamburg,Hamburg,Germany,Europe,FUR-CH-4558,Furniture,"Harbour Creations Steel Folding Chair, Black",Medium
Chairs,346.113,Western Europe,ES-2015-TA2138545-42041,First Class,TA-2138545,Tom Ashbrook,Home Office,Cholet,Pays de la Loire,France,Europe,FUR-CH-4682,Furniture,"Hon Rocking Chair, Black",Medium
Chairs,352.40400000000005,Western Europe,ES-2013-SW2075545-41461,Standard Class,SW-2075545,Steven Ward,Corporate,Aix-en-Provence,Provence-Alpes-Côte d'Azur,France,Europe,FUR-CH-4559,Furniture,"Harbour Creations Steel Folding Chair, Red",High
Chairs,354.86099999999993,Western Europe,ES-2015-GR1456048-42025,First Class,GR-1456048,Georgia Rosenberg,Corporate,Augsburg,Bavaria,Germany,Europe,FUR-CH-5396,Furniture,"Novimex Rocking Chair, Red",High
Chairs,355.455,Western Europe,ES-2013-RD1972048-41629,First Class,RD-1972048,Roger Demir,Consumer,Oberhausen,North Rhine-Westphalia,Germany,Europe,FUR-CH-4698,Furniture,"Hon Steel Folding Chair, Black",Critical
Chairs,355.968,Western Europe,ES-2015-MP1817545-42122,Standard Class,MP-1817545,Mike Pelletier,Home Office,Montereau-Fault-Yonne,Ile-de-France,France,Europe,FUR-CH-5752,Furniture,"SAFCO Bag Chairs, Red",High
Chairs,359.09999999999997,Western Europe,ES-2014-CM1244545-41973,Standard Class,CM-1244545,Chuck Magee,Consumer,Paris,Ile-de-France,France,Europe,FUR-CH-5407,Furniture,"Novimex Steel Folding Chair, Black",Medium
Chairs,361.557,Western Europe,ES-2013-LF1718545-41489,Standard Class,LF-1718545,Luke Foster,Consumer,Castres,Languedoc-Roussillon-Midi-Pyrénées,France,Europe,FUR-CH-5757,Furniture,"SAFCO Chairmat, Black",Medium
Chairs,364.257,Western Europe,ES-2015-EM1382545-42018,Standard Class,EM-1382545,Elizabeth Moffitt,Corporate,Lyon,Auvergne-Rhône-Alpes,France,Europe,FUR-CH-5795,Furniture,"SAFCO Rocking Chair, Red",Medium
Chairs,372.897,Western Europe,IT-2014-SC2057548-41642,Standard Class,SC-2057548,Sonia Cooley,Consumer,Frankfurt,Hesse,Germany,Europe,FUR-CH-4519,Furniture,"Harbour Creations Bag Chairs, Black",Medium
Chairs,373.8960000000001,Western Europe,ES-2014-MS1736548-41881,First Class,MS-1736548,Maribeth Schnelling,Consumer,Stuttgart,Baden-Württemberg,Germany,Europe,FUR-CH-5447,Furniture,"Office Star Rocking Chair, Black",High
Chairs,373.8960000000001,Western Europe,ES-2015-EH1418548-42125,First Class,EH-1418548,Evan Henry,Consumer,Langenhagen,Lower Saxony,Germany,Europe,FUR-CH-5447,Furniture,"Office Star Rocking Chair, Black",Critical
Chairs,380.1600000000001,Western Europe,ES-2015-JJ1576045-42040,Second Class,JJ-1576045,Joel Jenkins,Home Office,Nice,Provence-Alpes-Côte d'Azur,France,Europe,FUR-CH-5409,Furniture,"Novimex Steel Folding Chair, Set of Two",High
Chairs,380.457,Western Europe,ES-2012-TB2162545-41262,Second Class,TB-2162545,Trudy Brown,Consumer,Bayonne,Aquitaine-Limousin-Poitou-Charentes,France,Europe,FUR-CH-5448,Furniture,"Office Star Rocking Chair, Red",High
Chairs,391.86,Western Europe,ES-2012-TG213108-41125,Standard Class,TG-213108,Toby Gnade,Consumer,Innsbruck,Tyrol,Austria,Europe,FUR-CH-4683,Furniture,"Hon Rocking Chair, Red",High
Chairs,396.9,Western Europe,IT-2014-MT1781545-41682,Standard Class,MT-1781545,Meg Tillman,Consumer,Cournon-d'Auvergne,Auvergne,France,Europe,FUR-CH-5800,Furniture,"SAFCO Steel Folding Chair, Adjustable",Medium
Chairs,399,Western Europe,ES-2013-DP1316591-41355,Standard Class,DP-1316591,David Philippe,Consumer,Utrecht,Utrecht,Netherlands,Europe,FUR-CH-5407,Furniture,"Novimex Steel Folding Chair, Black",Medium
Chairs,400.9500000000001,Western Europe,ES-2015-CD1192045-42367,Second Class,CD-1192045,Carlos Daly,Consumer,Oyonnax,Auvergne-Rhône-Alpes,France,Europe,FUR-CH-4525,Furniture,"Harbour Creations Chairmat, Set of Two",High
Chairs,401.76,Western Europe,IT-2013-MH1762048-41485,Standard Class,MH-1762048,Matt Hagelstein,Corporate,Bielefeld,North Rhine-Westphalia,Germany,Europe,FUR-CH-5451,Furniture,"Office Star Steel Folding Chair, Black",High
Chairs,403.866,Western Europe,IT-2014-MS1783045-41818,Same Day,MS-1783045,Melanie Seite,Consumer,Boulogne-Billancourt,Ile-de-France,France,Europe,FUR-CH-4544,Furniture,"Harbour Creations Rocking Chair, Adjustable",Critical
Chairs,409.03200000000004,Western Europe,ES-2014-MM1726048-41813,Standard Class,MM-1726048,Magdelene Morse,Consumer,Berlin,Berlin,Germany,Europe,FUR-CH-5805,Furniture,"SAFCO Swivel Stool, Adjustable",High
Chairs,409.96799999999996,Western Europe,ES-2014-LA1678045-41927,Second Class,LA-1678045,Laura Armstrong,Corporate,Aubervilliers,Ile-de-France,France,Europe,FUR-CH-5378,Furniture,"Novimex Executive Leather Armchair, Adjustable",High
Chairs,412.69500000000005,Western Europe,ES-2015-CD1228048-42328,Standard Class,CD-1228048,Christina DeMoss,Consumer,Leipzig,Saxony,Germany,Europe,FUR-CH-5452,Furniture,"Office Star Steel Folding Chair, Red",Medium
Chairs,413.4509999999999,Western Europe,ES-2015-LD1685545-42265,Same Day,LD-1685545,Lela Donovan,Corporate,Saint-Laurent-du-Var,Provence-Alpes-Côte d'Azur,France,Europe,FUR-CH-4656,Furniture,"Hon Executive Leather Armchair, Red",High
Chairs,414.17999999999995,Western Europe,ES-2014-LS1694545-41831,Standard Class,LS-1694545,Linda Southworth,Corporate,Massy,Ile-de-France,France,Europe,FUR-CH-5380,Furniture,"Novimex Executive Leather Armchair, Red",Medium
Chairs,420.68699999999995,Western Europe,IT-2014-JA1597045-41917,Standard Class,JA-1597045,Joseph Airdo,Consumer,Bar-le-Duc,Alsace-Champagne-Ardenne-Lorraine,France,Europe,FUR-CH-5442,Furniture,"Office Star Executive Leather Armchair, Black",Medium
Chairs,422.928,Western Europe,ES-2015-AR1082548-42185,Second Class,AR-1082548,Anthony Rawles,Corporate,Stuttgart,Baden-Württemberg,Germany,Europe,FUR-CH-5441,Furniture,"Office Star Executive Leather Armchair, Adjustable",Medium
Chairs,426.2489999999999,Western Europe,IT-2013-MP1796548-41469,First Class,MP-1796548,Michael Paige,Corporate,Norderstedt,Schleswig-Holstein,Germany,Europe,FUR-CH-4531,Furniture,"Harbour Creations Executive Leather Armchair, Black",Medium
Chairs,428.27399999999994,Western Europe,ES-2012-MG1765045-41251,First Class,MG-1765045,Matthew Grinstein,Home Office,Lunel,Languedoc-Roussillon-Midi-Pyrénées,France,Europe,FUR-CH-4532,Furniture,"Harbour Creations Executive Leather Armchair, Red",High
Chairs,428.27399999999994,Western Europe,ES-2013-TC2147548-41635,Second Class,TC-2147548,Tony Chapman,Home Office,Cologne,North Rhine-Westphalia,Germany,Europe,FUR-CH-4532,Furniture,"Harbour Creations Executive Leather Armchair, Red",Medium
Chairs,428.76000000000005,Western Europe,ES-2013-KB1658548-41531,Standard Class,KB-1658548,Ken Black,Corporate,Bayreuth,Bavaria,Germany,Europe,FUR-CH-4626,Furniture,"Hon Bag Chairs, Adjustable",Low
Chairs,435.2940000000001,Western Europe,ES-2013-SN2071045-41544,Standard Class,SN-2071045,Steve Nguyen,Home Office,Pontault-Combault,Ile-de-France,France,Europe,FUR-CH-4702,Furniture,"Hon Swivel Stool, Black",Medium
Chairs,435.2940000000001,Western Europe,IT-2013-CC1261048-41289,First Class,CC-1261048,Corey Catlett,Corporate,Iserlohn,North Rhine-Westphalia,Germany,Europe,FUR-CH-4702,Furniture,"Hon Swivel Stool, Black",High
Chairs,437.4810000000001,Western Europe,ES-2015-JK1520545-42151,Standard Class,JK-1520545,Jamie Kunitz,Consumer,Avignon,Provence-Alpes-Côte d'Azur,France,Europe,FUR-CH-5412,Furniture,"Novimex Swivel Stool, Black",Medium
Chairs,441.855,Western Europe,ES-2014-VP2176048-41859,Standard Class,VP-2176048,Victoria Pisteka,Corporate,Wetzlar,Hesse,Germany,Europe,FUR-CH-4703,Furniture,"Hon Swivel Stool, Red",Medium
Chairs,444.04200000000003,Western Europe,ES-2013-JP1613545-41450,Standard Class,JP-1613545,Julie Prescott,Home Office,Paris,Ile-de-France,France,Europe,FUR-CH-5408,Furniture,"Novimex Steel Folding Chair, Red",High
Chairs,446.4,Western Europe,ES-2013-AH1007514-41530,Standard Class,AH-1007514,Adam Hart,Corporate,Namur,Namur,Belgium,Europe,FUR-CH-5451,Furniture,"Office Star Steel Folding Chair, Black",Medium
Chairs,449.793,Western Europe,ES-2013-DH1307545-41527,Standard Class,DH-1307545,Dave Hallsten,Corporate,Lyon,Auvergne-Rhône-Alpes,France,Europe,FUR-CH-4632,Furniture,"Hon Chairmat, Red",Low
Chairs,450.1170000000001,Western Europe,ES-2015-DR1294045-42342,Same Day,DR-1294045,Daniel Raglin,Home Office,Grasse,Provence-Alpes-Côte d'Azur,France,Europe,FUR-CH-5414,Furniture,"Novimex Swivel Stool, Set of Two",Medium
Chairs,450.7650000000001,Western Europe,ES-2012-LA1678045-41263,Standard Class,LA-1678045,Laura Armstrong,Corporate,Le Havre,Normandy,France,Europe,FUR-CH-5411,Furniture,"Novimex Swivel Stool, Adjustable",Medium
Chairs,450.91200000000003,Western Europe,ES-2013-MG1765048-41604,Standard Class,MG-1765048,Matthew Grinstein,Home Office,Berlin,Berlin,Germany,Europe,FUR-CH-5448,Furniture,"Office Star Rocking Chair, Red",Medium
Chairs,456.19200000000006,Western Europe,IT-2014-PB1915045-41696,Standard Class,PB-1915045,Philip Brown,Consumer,Bagneux,Ile-de-France,France,Europe,FUR-CH-5409,Furniture,"Novimex Steel Folding Chair, Set of Two",High
Chairs,461.484,Western Europe,ES-2015-BK1126045-42082,Standard Class,BK-1126045,Berenike Kampe,Consumer,Six-Fours-les-Plages,Provence-Alpes-Côte d'Azur,France,Europe,FUR-CH-4682,Furniture,"Hon Rocking Chair, Black",Medium
Chairs,462.83400000000006,Western Europe,ES-2013-CD1198045-41633,Second Class,CD-1198045,Carol Darley,Consumer,Tours,Centre-Val de Loire,France,Europe,FUR-CH-5802,Furniture,"SAFCO Steel Folding Chair, Red",High
Chairs,469.2870000000001,Western Europe,ES-2012-CV1280548-41081,Standard Class,CV-1280548,Cynthia Voltz,Corporate,Ludwigshafen am Rhein,Rhineland-Palatinate,Germany,Europe,FUR-CH-4522,Furniture,"Harbour Creations Chairmat, Adjustable",High
Chairs,469.962,Western Europe,ES-2014-MG1820545-41983,Standard Class,MG-1820545,Mitch Gastineau,Corporate,Saint-Michel-sur-Orge,Ile-de-France,France,Europe,FUR-CH-4630,Furniture,"Hon Chairmat, Adjustable",Medium
Chairs,473.1479999999999,Western Europe,IT-2015-MH1744048-42325,Standard Class,MH-1744048,Mark Haberlin,Corporate,Celle,Lower Saxony,Germany,Europe,FUR-CH-5396,Furniture,"Novimex Rocking Chair, Red",Medium
Chairs,476.3610000000001,Western Europe,IT-2015-JF1541545-42120,Standard Class,JF-1541545,Jennifer Ferguson,Consumer,Niort,Aquitaine-Limousin-Poitou-Charentes,France,Europe,FUR-CH-5454,Furniture,"Office Star Swivel Stool, Adjustable",Low
Chairs,479.1960000000001,Western Europe,ES-2012-ON1871545-41270,Second Class,ON-1871545,Odella Nelson,Corporate,Argenteuil,Ile-de-France,France,Europe,FUR-CH-4681,Furniture,"Hon Rocking Chair, Adjustable",High
Chairs,481.24799999999993,Western Europe,ES-2014-ND1837045-41977,Standard Class,ND-1837045,Natalie DeCherney,Consumer,Eragny,Ile-de-France,France,Europe,FUR-CH-5397,Furniture,"Novimex Rocking Chair, Set of Two",Medium
Chairs,482.1120000000001,Western Europe,ES-2014-FA1423045-41983,Standard Class,FA-1423045,Frank Atkinson,Corporate,Tarbes,Languedoc-Roussillon-Midi-Pyrénées,France,Europe,FUR-CH-5394,Furniture,"Novimex Rocking Chair, Adjustable",Medium
Chairs,485.676,Western Europe,IT-2014-TT2122048-41993,Standard Class,TT-2122048,Thomas Thornton,Consumer,Stuttgart,Baden-Württemberg,Germany,Europe,FUR-CH-5795,Furniture,"SAFCO Rocking Chair, Red",Medium
Chairs,486.324,Western Europe,ES-2013-PG1882045-41523,Second Class,PG-1882045,Patrick Gardner,Consumer,Nantes,Pays de la Loire,France,Europe,FUR-CH-4563,Furniture,"Harbour Creations Swivel Stool, Red",High
Chairs,486.324,Western Europe,ES-2013-SK1999045-41471,First Class,SK-1999045,Sally Knutson,Consumer,Bourges,Centre-Val de Loire,France,Europe,FUR-CH-4563,Furniture,"Harbour Creations Swivel Stool, Red",High
Chairs,491.83200000000005,Western Europe,ES-2014-LC1714045-41958,Standard Class,LC-1714045,Logan Currie,Consumer,Cholet,Pays de la Loire,France,Europe,FUR-CH-5437,Furniture,"Office Star Chairmat, Adjustable",Medium
Chairs,496.5300000000001,Western Europe,ES-2015-KC1625514-42325,First Class,KC-1625514,Karen Carlisle,Corporate,Antwerp,Antwerp,Belgium,Europe,FUR-CH-5806,Furniture,"SAFCO Swivel Stool, Black",Medium
Chairs,504.711,Western Europe,ES-2015-TS2116045-42264,Standard Class,TS-2116045,Theresa Swint,Corporate,Marseille,Provence-Alpes-Côte d'Azur,France,Europe,FUR-CH-5756,Furniture,"SAFCO Chairmat, Adjustable",Medium
Chairs,507.276,Western Europe,ES-2012-AG1049545-41002,First Class,AG-1049545,Andrew Gjertsen,Corporate,Saint-Priest,Auvergne-Rhône-Alpes,France,Europe,FUR-CH-5448,Furniture,"Office Star Rocking Chair, Red",High
Chairs,507.276,Western Europe,ES-2014-DJ1363048-41737,Standard Class,DJ-1363048,Doug Jacobs,Consumer,Munich,Bavaria,Germany,Europe,FUR-CH-5448,Furniture,"Office Star Rocking Chair, Red",High
Chairs,508.67999999999995,Western Europe,ES-2013-BS1136545-41472,First Class,BS-1136545,Bill Shonely,Corporate,Saint-Brieuc,Brittany,France,Europe,FUR-CH-5450,Furniture,"Office Star Steel Folding Chair, Adjustable",Critical
Chairs,508.67999999999995,Western Europe,ES-2014-CM1183045-41773,Second Class,CM-1183045,Cari MacIntyre,Corporate,Vernon,Normandy,France,Europe,FUR-CH-5450,Furniture,"Office Star Steel Folding Chair, Adjustable",High
Chairs,516,Western Europe,IT-2015-SB2017091-42367,First Class,SB-2017091,Sarah Bern,Consumer,Haarlem,North Holland,Netherlands,Europe,FUR-CH-5395,Furniture,"Novimex Rocking Chair, Black",Critical
Chairs,518.4000000000001,Western Europe,ES-2013-SR2074045-41461,Standard Class,SR-2074045,Steven Roelle,Home Office,Paris,Ile-de-France,France,Europe,FUR-CH-4524,Furniture,"Harbour Creations Chairmat, Red",Medium
Chairs,534.6000000000001,Western Europe,ES-2014-PT1909045-41948,First Class,PT-1909045,Pete Takahito,Consumer,Angers,Pays de la Loire,France,Europe,FUR-CH-4525,Furniture,"Harbour Creations Chairmat, Set of Two",Critical
Chairs,547.83,Western Europe,ES-2015-FO1430514-42077,First Class,FO-1430514,Frank Olsen,Consumer,Charleroi,Hainaut,Belgium,Europe,FUR-CH-4561,Furniture,"Harbour Creations Swivel Stool, Adjustable",High
Chairs,563.517,Western Europe,ES-2014-PN1877545-41713,Standard Class,PN-1877545,Parhena Norris,Home Office,Colomiers,Languedoc-Roussillon-Midi-Pyrénées,France,Europe,FUR-CH-4523,Furniture,"Harbour Creations Chairmat, Black",Medium
Chairs,574.56,Western Europe,ES-2015-NS1850545-42052,Standard Class,NS-1850545,Neola Schneider,Consumer,Moulins,Auvergne,France,Europe,FUR-CH-5407,Furniture,"Novimex Steel Folding Chair, Black",Medium
Chairs,588.3599999999999,Western Europe,AU-2015-MD78608-42243,Standard Class,MD-78608,Michael Dominguez,Corporate,Klagenfurt,Carinthia,Austria,Europe,FUR-CH-4546,Furniture,"Harbour Creations Rocking Chair, Red",High
Chairs,593.4599999999999,Western Europe,ES-2012-PR1888048-41214,Standard Class,PR-1888048,Patrick Ryan,Consumer,Nuremberg,Bavaria,Germany,Europe,FUR-CH-5450,Furniture,"Office Star Steel Folding Chair, Adjustable",Medium
Chairs,597.24,Western Europe,ES-2015-EN1378045-42024,Second Class,EN-1378045,Edward Nazzal,Consumer,Antibes,Provence-Alpes-Côte d'Azur,France,Europe,FUR-CH-4704,Furniture,"Hon Swivel Stool, Set of Two",Medium
Chairs,598.9950000000001,Western Europe,ES-2014-HG1502548-41912,Same Day,HG-1502548,Hunter Glantz,Consumer,Ingolstadt,Bavaria,Germany,Europe,FUR-CH-4681,Furniture,"Hon Rocking Chair, Adjustable",Medium
Chairs,618.3000000000001,Western Europe,ES-2015-BV1124545-42325,Standard Class,BV-1124545,Benjamin Venier,Corporate,Chatou,Ile-de-France,France,Europe,FUR-CH-5793,Furniture,"SAFCO Rocking Chair, Adjustable",Medium
Chairs,623.1600000000001,Western Europe,ES-2012-MR1754545-41117,Standard Class,MR-1754545,Mathew Reese,Home Office,La Madeleine,Nord-Pas-de-Calais-Picardie,France,Europe,FUR-CH-5447,Furniture,"Office Star Rocking Chair, Black",Low
Chairs,626.184,Western Europe,IT-2015-CL1189045-42081,Standard Class,CL-1189045,Carl Ludwig,Consumer,Champigny-sur-Marne,Ile-de-France,France,Europe,FUR-CH-5456,Furniture,"Office Star Swivel Stool, Red",Medium
Chairs,646.3799999999999,Western Europe,ES-2012-JG1531045-41123,Standard Class,JG-1531045,Jason Gross,Corporate,Limoges,Aquitaine-Limousin-Poitou-Charentes,France,Europe,FUR-CH-5407,Furniture,"Novimex Steel Folding Chair, Black",Medium
Chairs,650.9699999999999,Western Europe,ES-2013-CD1192045-41609,Standard Class,CD-1192045,Carlos Daly,Consumer,Saint-Malo,Brittany,France,Europe,FUR-CH-4545,Furniture,"Harbour Creations Rocking Chair, Black",Medium
Chairs,657.1499999999999,Western Europe,ES-2014-AH1007514-41859,Standard Class,AH-1007514,Adam Hart,Corporate,Roeselare,West Flanders,Belgium,Europe,FUR-CH-5396,Furniture,"Novimex Rocking Chair, Red",High
Chairs,661.9049999999999,Western Europe,ES-2015-RF1984045-42350,Standard Class,RF-1984045,Roy Französisch,Consumer,Limoges,Aquitaine-Limousin-Poitou-Charentes,France,Europe,FUR-CH-4546,Furniture,"Harbour Creations Rocking Chair, Red",Medium
Chairs,669.06,Western Europe,ES-2012-DC1328545-41230,Standard Class,DC-1328545,Debra Catini,Consumer,Lille,Nord-Pas-de-Calais-Picardie,France,Europe,FUR-CH-4631,Furniture,"Hon Chairmat, Black",Medium
Chairs,679.671,Western Europe,ES-2014-AB1016548-41822,Standard Class,AB-1016548,Alan Barnes,Consumer,Leipzig,Saxony,Germany,Europe,FUR-CH-4697,Furniture,"Hon Steel Folding Chair, Adjustable",Low
Chairs,680.76,Western Europe,ES-2015-EB141108-42267,Second Class,EB-141108,Eugene Barchas,Consumer,Vienna,Vienna,Austria,Europe,FUR-CH-5808,Furniture,"SAFCO Swivel Stool, Set of Two",Medium
Chairs,681.7200000000001,Western Europe,IT-2014-SP20920125-41643,Standard Class,SP-20920125,Susan Pistek,Consumer,Zurich,Zürich,Switzerland,Europe,FUR-CH-5805,Furniture,"SAFCO Swivel Stool, Adjustable",Medium
Chairs,688.743,Western Europe,ES-2012-VB2174545-41242,First Class,VB-2174545,Victoria Brennan,Corporate,Paris,Ile-de-France,France,Europe,FUR-CH-4523,Furniture,"Harbour Creations Chairmat, Black",High
Chairs,718.7940000000001,Western Europe,ES-2015-RR1952548-42258,First Class,RR-1952548,Rick Reed,Corporate,Leipzig,Saxony,Germany,Europe,FUR-CH-4681,Furniture,"Hon Rocking Chair, Adjustable",Medium
Chairs,720.48,Western Europe,ES-2014-DM1295548-41747,Second Class,DM-1295548,Dario Medina,Corporate,Berlin,Berlin,Germany,Europe,FUR-CH-4563,Furniture,"Harbour Creations Swivel Stool, Red",High
Chairs,723.168,Western Europe,ES-2013-TP2156545-41598,Standard Class,TP-2156545,Tracy Poddar,Corporate,Issy-les-Moulineaux,Ile-de-France,France,Europe,FUR-CH-5451,Furniture,"Office Star Steel Folding Chair, Black",High
Chairs,725.4900000000002,Western Europe,ES-2014-EM1406548-41775,Second Class,EM-1406548,Erin Mull,Consumer,Bremen,Bremen,Germany,Europe,FUR-CH-4702,Furniture,"Hon Swivel Stool, Black",High
Chairs,729.1350000000001,Western Europe,ES-2012-CS1225048-40997,Standard Class,CS-1225048,Chris Selesnick,Corporate,Troisdorf,North Rhine-Westphalia,Germany,Europe,FUR-CH-5412,Furniture,"Novimex Swivel Stool, Black",High
Chairs,750.195,Western Europe,IT-2012-LC1714048-41210,Standard Class,LC-1714048,Logan Currie,Consumer,Paderborn,North Rhine-Westphalia,Germany,Europe,FUR-CH-5414,Furniture,"Novimex Swivel Stool, Set of Two",Medium
Chairs,755.73,Western Europe,ES-2014-SC2023048-41894,Standard Class,SC-2023048,Scot Coram,Corporate,Langen,Lower Saxony,Germany,Europe,FUR-CH-5807,Furniture,"SAFCO Swivel Stool, Red",Low
Chairs,769.44,Western Europe,ES-2013-SC2072548-41454,Standard Class,SC-2072548,Steven Cartwright,Consumer,Berlin,Berlin,Germany,Europe,FUR-CH-5793,Furniture,"SAFCO Rocking Chair, Adjustable",Medium
Chairs,807.597,Western Europe,ES-2012-PO1885045-41025,Standard Class,PO-1885045,Patrick O'Brill,Consumer,Le Petit-Quevilly,Normandy,France,Europe,FUR-CH-4682,Furniture,"Hon Rocking Chair, Black",Medium
Chairs,807.732,Western Europe,ES-2012-DC1328548-41081,Standard Class,DC-1328548,Debra Catini,Consumer,Minden,North Rhine-Westphalia,Germany,Europe,FUR-CH-4544,Furniture,"Harbour Creations Rocking Chair, Adjustable",Medium
Chairs,822.9060000000001,Western Europe,IT-2015-PR1888048-42192,Standard Class,PR-1888048,Patrick Ryan,Consumer,Bonn,North Rhine-Westphalia,Germany,Europe,FUR-CH-4683,Furniture,"Hon Rocking Chair, Red",Medium
Chairs,826.9019999999998,Western Europe,ES-2014-TS2137045-41866,Standard Class,TS-2137045,Todd Sumrall,Corporate,Livry-Gargan,Ile-de-France,France,Europe,FUR-CH-4656,Furniture,"Hon Executive Leather Armchair, Red",Medium
Chairs,828.3599999999999,Western Europe,ES-2015-MH1745545-42144,First Class,MH-1745545,Mark Hamilton,Consumer,Levallois-Perret,Ile-de-France,France,Europe,FUR-CH-5380,Furniture,"Novimex Executive Leather Armchair, Red",High
Chairs,830.574,Western Europe,ES-2013-SC2057545-41537,Standard Class,SC-2057545,Sonia Cooley,Consumer,Noisy-le-Sec,Ile-de-France,France,Europe,FUR-CH-5775,Furniture,"SAFCO Executive Leather Armchair, Red",Medium
Chairs,830.7000000000003,Western Europe,ES-2013-JJ1544514-41600,First Class,JJ-1544514,Jennifer Jackson,Consumer,Genk,Limburg,Belgium,Europe,FUR-CH-4701,Furniture,"Hon Swivel Stool, Adjustable",High
Chairs,834.6239999999999,Western Europe,ES-2013-MJ1774048-41403,Second Class,MJ-1774048,Max Jones,Consumer,Hamburg,Hamburg,Germany,Europe,FUR-CH-5776,Furniture,"SAFCO Executive Leather Armchair, Set of Two",High
Chairs,835.0559999999999,Western Europe,IT-2013-MH1802548-41380,Standard Class,MH-1802548,Michelle Huthwaite,Consumer,Erfurt,Thuringia,Germany,Europe,FUR-CH-5773,Furniture,"SAFCO Executive Leather Armchair, Adjustable",High
Chairs,836.9999999999998,Western Europe,ES-2013-ZC2191045-41551,Standard Class,ZC-2191045,Zuschuss Carroll,Consumer,Paris,Ile-de-France,France,Europe,FUR-CH-5441,Furniture,"Office Star Executive Leather Armchair, Adjustable",Medium
Chairs,836.9999999999998,Western Europe,ES-2014-CD1228045-41849,Standard Class,CD-1228045,Christina DeMoss,Consumer,Fresnes,Ile-de-France,France,Europe,FUR-CH-5441,Furniture,"Office Star Executive Leather Armchair, Adjustable",Medium
Chairs,845.856,Western Europe,ES-2015-TS2161045-42297,Standard Class,TS-2161045,Troy Staebel,Consumer,Saint-Malo,Brittany,France,Europe,FUR-CH-5441,Furniture,"Office Star Executive Leather Armchair, Adjustable",High
Chairs,848.1239999999999,Western Europe,ES-2014-TB2125048-41959,Standard Class,TB-2125048,Tim Brockman,Consumer,Erlangen,Bavaria,Germany,Europe,FUR-CH-4530,Furniture,"Harbour Creations Executive Leather Armchair, Adjustable",Low
Chairs,852.4979999999998,Western Europe,ES-2013-JF1556545-41338,Second Class,JF-1556545,Jill Fjeld,Consumer,Vanves,Ile-de-France,France,Europe,FUR-CH-4531,Furniture,"Harbour Creations Executive Leather Armchair, Black",Medium
Chairs,874.9620000000002,Western Europe,IT-2014-PK1907545-41911,Standard Class,PK-1907545,Pete Kriz,Consumer,Stains,Ile-de-France,France,Europe,FUR-CH-5412,Furniture,"Novimex Swivel Stool, Black",High
Chairs,883.71,Western Europe,ES-2014-PS1904545-41845,Standard Class,PS-1904545,Penelope Sewall,Home Office,Lyon,Auvergne-Rhône-Alpes,France,Europe,FUR-CH-4703,Furniture,"Hon Swivel Stool, Red",Medium
Chairs,911.358,Western Europe,ES-2015-DP1316548-42313,Second Class,DP-1316548,David Philippe,Consumer,Mainz,Rhineland-Palatinate,Germany,Europe,FUR-CH-4545,Furniture,"Harbour Creations Rocking Chair, Black",Medium
Chairs,956.6640000000001,Western Europe,ES-2015-FH1435048-42273,Standard Class,FH-1435048,Fred Harton,Consumer,Munich,Bavaria,Germany,Europe,FUR-CH-4684,Furniture,"Hon Rocking Chair, Set of Two",Medium
Chairs,1032.48,Western Europe,ES-2014-JF1535545-41804,Standard Class,JF-1535545,Jay Fein,Consumer,Rennes,Brittany,France,Europe,FUR-CH-5446,Furniture,"Office Star Rocking Chair, Adjustable",Medium
Chairs,1058.5800000000002,Western Europe,ES-2012-SO203358-41046,Standard Class,SO-203358,Sean O'Donnell,Consumer,Vienna,Vienna,Austria,Europe,FUR-CH-5454,Furniture,"Office Star Swivel Stool, Adjustable",Low
Chairs,1076.247,Western Europe,ES-2015-DV1304545-42221,Second Class,DV-1304545,Darrin Van Huff,Corporate,Conflans-Sainte-Honorine,Ile-de-France,France,Europe,FUR-CH-4684,Furniture,"Hon Rocking Chair, Set of Two",Medium
Chairs,1121.688,Western Europe,ES-2012-AR1051045-41159,Second Class,AR-1051045,Andrew Roberts,Consumer,Toulon,Provence-Alpes-Côte d'Azur,France,Europe,FUR-CH-5447,Furniture,"Office Star Rocking Chair, Black",High
Chairs,1127.808,Western Europe,IT-2013-ZD2192548-41503,Standard Class,ZD-2192548,Zuschuss Donatelli,Consumer,Berlin,Berlin,Germany,Europe,FUR-CH-5441,Furniture,"Office Star Executive Leather Armchair, Adjustable",Medium
Chairs,1200.3120000000001,Western Europe,ES-2012-RW1954045-41215,Standard Class,RW-1954045,Rick Wilson,Corporate,Allauch,Provence-Alpes-Côte d'Azur,France,Europe,FUR-CH-5414,Furniture,"Novimex Swivel Stool, Set of Two",Medium
Chairs,1227.7169999999996,Western Europe,ES-2015-DB1291048-42185,Standard Class,DB-1291048,Daniel Byrd,Home Office,Cologne,North Rhine-Westphalia,Germany,Europe,FUR-CH-4654,Furniture,"Hon Executive Leather Armchair, Adjustable",Medium
Chairs,1234.2779999999996,Western Europe,ES-2012-BF1100545-41248,Standard Class,BF-1100545,Barry Franz,Home Office,Firminy,Auvergne-Rhône-Alpes,France,Europe,FUR-CH-4655,Furniture,"Hon Executive Leather Armchair, Black",Medium
Chairs,1236.465,Western Europe,ES-2012-JJ1544545-41153,Standard Class,JJ-1544545,Jennifer Jackson,Consumer,Wattrelos,Nord-Pas-de-Calais-Picardie,France,Europe,FUR-CH-5379,Furniture,"Novimex Executive Leather Armchair, Black",Medium
Chairs,1242.54,Western Europe,ES-2013-BD1177048-41394,Standard Class,BD-1177048,Bryan Davis,Consumer,Oberhausen,North Rhine-Westphalia,Germany,Europe,FUR-CH-5380,Furniture,"Novimex Executive Leather Armchair, Red",Medium
Chairs,1242.54,Western Europe,ES-2014-SV2078545-41807,First Class,SV-2078545,Stewart Visinsky,Consumer,Antony,Ile-de-France,France,Europe,FUR-CH-5380,Furniture,"Novimex Executive Leather Armchair, Red",High
Chairs,1245.8609999999999,Western Europe,IT-2013-KB1631545-41377,Second Class,KB-1631545,Karl Braun,Consumer,Colmar,Alsace-Champagne-Ardenne-Lorraine,France,Europe,FUR-CH-5775,Furniture,"SAFCO Executive Leather Armchair, Red",High
Chairs,1252.5839999999998,Western Europe,IT-2012-TS2137048-41061,Second Class,TS-2137048,Todd Sumrall,Corporate,Augsburg,Bavaria,Germany,Europe,FUR-CH-5773,Furniture,"SAFCO Executive Leather Armchair, Adjustable",High
Chairs,1255.4999999999995,Western Europe,ES-2013-SS2041045-41501,First Class,SS-2041045,Shahid Shariari,Consumer,Marseille,Provence-Alpes-Côte d'Azur,France,Europe,FUR-CH-5441,Furniture,"Office Star Executive Leather Armchair, Adjustable",Medium
Chairs,1262.061,Western Europe,IT-2012-BD1156048-41214,Standard Class,BD-1156048,Brendan Dodson,Home Office,Leipzig,Saxony,Germany,Europe,FUR-CH-5442,Furniture,"Office Star Executive Leather Armchair, Black",Medium
Chairs,1268.784,Western Europe,ES-2014-DL1349545-41948,Second Class,DL-1349545,Dionis Lloyd,Corporate,Vichy,Auvergne,France,Europe,FUR-CH-5441,Furniture,"Office Star Executive Leather Armchair, Adjustable",High
Chairs,1272.186,Western Europe,ES-2014-PS1904545-41845,Standard Class,PS-1904545,Penelope Sewall,Home Office,Lyon,Auvergne-Rhône-Alpes,France,Europe,FUR-CH-4530,Furniture,"Harbour Creations Executive Leather Armchair, Adjustable",Medium
Chairs,1284.822,Western Europe,IT-2013-EK1379548-41491,Standard Class,EK-1379548,Eileen Kiefer,Home Office,Emden,Lower Saxony,Germany,Europe,FUR-CH-4532,Furniture,"Harbour Creations Executive Leather Armchair, Red",Medium
Chairs,1305.8820000000003,Western Europe,ES-2012-EH1418548-41135,Second Class,EH-1418548,Evan Henry,Consumer,Schwerin,Mecklenburg-Vorpommern,Germany,Europe,FUR-CH-4702,Furniture,"Hon Swivel Stool, Black",High
Chairs,1380.6,Western Europe,IT-2012-DK1337591-41268,Same Day,DK-1337591,Dennis Kane,Consumer,The Hague,South Holland,Netherlands,Europe,FUR-CH-5380,Furniture,"Novimex Executive Leather Armchair, Red",High
Chairs,1394.9999999999995,Western Europe,ES-2012-JK156408-41261,Standard Class,JK-156408,Jim Kriz,Home Office,Vienna,Vienna,Austria,Europe,FUR-CH-5441,Furniture,"Office Star Executive Leather Armchair, Adjustable",Medium
Chairs,1473.408,Western Europe,ES-2015-KA1652545-42353,Standard Class,KA-1652545,Kelly Andreada,Consumer,Reims,Alsace-Champagne-Ardenne-Lorraine,France,Europe,FUR-CH-5378,Furniture,"Novimex Executive Leather Armchair, Adjustable",High
Chairs,1652.3999999999996,Western Europe,ES-2015-GZ1447048-42060,Standard Class,GZ-1447048,Gary Zandusky,Consumer,Dortmund,North Rhine-Westphalia,Germany,Europe,FUR-CH-5774,Furniture,"SAFCO Executive Leather Armchair, Black",Medium
Chairs,1656.7199999999998,Western Europe,ES-2015-JL1523545-42356,Standard Class,JL-1523545,Janet Lee,Consumer,Limoges,Aquitaine-Limousin-Poitou-Charentes,France,Europe,FUR-CH-5380,Furniture,"Novimex Executive Leather Armchair, Red",Medium
Chairs,1682.7479999999998,Western Europe,ES-2015-LC1705048-42161,Standard Class,LC-1705048,Liz Carlisle,Consumer,Schwerin,Mecklenburg-Vorpommern,Germany,Europe,FUR-CH-5442,Furniture,"Office Star Executive Leather Armchair, Black",Medium
Chairs,1696.2479999999998,Western Europe,IT-2012-RB1933045-41080,First Class,RB-1933045,Randy Bradley,Consumer,Dijon,Bourgogne-Franche-Comté,France,Europe,FUR-CH-4530,Furniture,"Harbour Creations Executive Leather Armchair, Adjustable",High
Chairs,1713.0959999999998,Western Europe,ES-2012-PO1885045-41025,Standard Class,PO-1885045,Patrick O'Brill,Consumer,Le Petit-Quevilly,Normandy,France,Europe,FUR-CH-4532,Furniture,"Harbour Creations Executive Leather Armchair, Red",Medium
Chairs,2049.8399999999997,Western Europe,ES-2015-JM1565548-42211,Standard Class,JM-1565548,Jim Mitchum,Corporate,Bottrop,North Rhine-Westphalia,Germany,Europe,FUR-CH-5378,Furniture,"Novimex Executive Leather Armchair, Adjustable",High
Chairs,2070.8999999999996,Western Europe,IT-2013-JC1534091-41580,Standard Class,JC-1534091,Jasper Cacioppo,Consumer,Groningen,Groningen,Netherlands,Europe,FUR-CH-5380,Furniture,"Novimex Executive Leather Armchair, Red",Medium
Chairs,2092.4999999999995,Western Europe,ES-2015-CA1205548-42084,Standard Class,CA-1205548,Cathy Armstrong,Home Office,Castrop-Rauxel,North Rhine-Westphalia,Germany,Europe,FUR-CH-5441,Furniture,"Office Star Executive Leather Armchair, Adjustable",Medium
Chairs,2092.4999999999995,Western Europe,IT-2014-EB1384045-41706,Same Day,EB-1384045,Ellis Ballard,Corporate,Montreuil,Ile-de-France,France,Europe,FUR-CH-5441,Furniture,"Office Star Executive Leather Armchair, Adjustable",Critical
Chairs,2114.64,Western Europe,ES-2015-JW1522045-42172,Standard Class,JW-1522045,Jane Waco,Corporate,Lens,Nord-Pas-de-Calais-Picardie,France,Europe,FUR-CH-5441,Furniture,"Office Star Executive Leather Armchair, Adjustable",Medium
Chairs,2380.5,Western Europe,IT-2014-AM10705125-41892,Second Class,AM-10705125,Anne McFarland,Consumer,Zurich,Zürich,Switzerland,Europe,FUR-CH-4530,Furniture,"Harbour Creations Executive Leather Armchair, Adjustable",Medium
Chairs,2472.93,Western Europe,ES-2012-JL1513045-41146,Standard Class,JL-1513045,Jack Lebron,Consumer,Villeurbanne,Auvergne-Rhône-Alpes,France,Europe,FUR-CH-5379,Furniture,"Novimex Executive Leather Armchair, Black",Medium
Chairs,2478.5999999999995,Western Europe,ES-2014-ML1804045-41972,Standard Class,ML-1804045,Michelle Lonsdale,Corporate,Paris,Ile-de-France,France,Europe,FUR-CH-5774,Furniture,"SAFCO Executive Leather Armchair, Black",Medium
Chairs,2570.865,Western Europe,IT-2014-VM2168591-41711,Same Day,VM-2168591,Valerie Mitchum,Home Office,Bergen op Zoom,North Brabant,Netherlands,Europe,FUR-CH-5442,Furniture,"Office Star Executive Leather Armchair, Black",High
Chairs,2570.9399999999996,Western Europe,ES-2013-AJ1094548-41444,Standard Class,AJ-1094548,Ashley Jarboe,Consumer,Hamburg,Hamburg,Germany,Europe,FUR-CH-4530,Furniture,"Harbour Creations Executive Leather Armchair, Adjustable",Medium
Chairs,2891.6999999999994,Western Europe,IT-2014-SP2086045-41956,Standard Class,SP-2086045,Sung Pak,Corporate,Mulhouse,Alsace-Champagne-Ardenne-Lorraine,France,Europe,FUR-CH-5774,Furniture,"SAFCO Executive Leather Armchair, Black",Medium
Chairs,2958.984,Western Europe,ES-2014-JM1525045-41835,Second Class,JM-1525045,Janet Martin,Consumer,Poitiers,Aquitaine-Limousin-Poitou-Charentes,France,Europe,FUR-CH-5443,Furniture,"Office Star Executive Leather Armchair, Red",Medium
Chairs,3221.3999999999996,Western Europe,ES-2015-DL133158-42320,Standard Class,DL-133158,Delfina Latchford,Consumer,Villach,Carinthia,Austria,Europe,FUR-CH-5380,Furniture,"Novimex Executive Leather Armchair, Red",Medium
Chairs,4544.0999999999985,Western Europe,IT-2012-ON1871545-40955,Second Class,ON-1871545,Odella Nelson,Corporate,Muret,Languedoc-Roussillon-Midi-Pyrénées,France,Europe,FUR-CH-5774,Furniture,"SAFCO Executive Leather Armchair, Black",Medium
Chairs,5729.345999999999,Western Europe,ES-2015-HG1484545-42327,Standard Class,HG-1484545,Harry Greene,Consumer,Lille,Nord-Pas-de-Calais-Picardie,France,Europe,FUR-CH-4654,Furniture,"Hon Executive Leather Armchair, Adjustable",High
